Board,Qty,Name,Printing,Foil,Alter,Signed,Condition,Language
main,1,Acidic Slime,,,,,,
main,1,Adorned Pouncer,,,,,,
main,1,AEther Searcher,,,,,,
main,1,Aetherize,,,,,,
main,1,Aetherspouts,,,,,,
main,1,Agate Instigator,,,,,,
main,1,Agent of Acquisitions,,,,,,
main,1,"Akiri, Line-Slinger",,,,,,
main,1,Akroan Horse,,,,,,
main,1,Akroma's Vengeance,,,,,,
main,1,"Akroma, Angel of Wrath",,,,,,
main,1,"Akroma, Vision of Ixidor",,,,,,
main,1,"Alania, Divergent Storm",,,,,,
main,1,"Alibou, Ancient Witness",,,,,,
main,1,Allure of the Unknown,,,,,,
main,1,"Alpharael, Stonechosen",,,,,,
main,1,Alrund's Epiphany,,,,,,
main,1,Altar of Shadows,,,,,,
main,1,Amorphous Axe,,,,,,
main,1,An Offer You Can't Refuse,,,,,,
main,1,"Anax, Hardened in the Forge",,,,,,
main,1,Ancient Grudge,,,,,,
main,1,Angel of Finality,,,,,,
main,1,Angel of Invention,,,,,,
main,1,Angel of the Ruins,,,,,,
main,1,Anguished Unmaking,,,,,,
main,1,Animate Dead,,,,,,
main,1,Anointed Procession,,,,,,
main,1,"Anzrag, the Quake-Mole",,,,,,
main,1,"Aragorn, King of Gondor",,,,,,
main,1,"Arashi, the Sky Asunder",,,,,,
main,1,Arboreal Alliance,,,,,,
main,1,Arcane Sanctum,,,,,,
main,1,Arcane Signet,,,,,,
main,1,Arcanis the Omnipotent,,,,,,
main,1,Arcbound Shikari,,,,,,
main,1,Archmage of Echoes,,,,,,
main,1,Archon of Coronation,,,,,,
main,1,Armillary Sphere,,,,,,
main,1,"Armix, Filigree Thrasher",,,,,,
main,1,Artifact Mutation,,,,,,
main,1,Asmodeus the Archfiend,,,,,,
main,1,Assassin's Trophy,,,,,,
main,1,"Atarka, World Render",,,,,,
main,1,"Atraxa, Grand Unifier",,,,,,
main,1,Audacious Reshapers,,,,,,
main,1,Avacyn's Pilgrim,,,,,,
main,1,"Ayara, Widow of the Realm",,,,,,
main,1,"Azami, Lady of Scrolls",,,,,,
main,1,"Azlask, the Swelling Scourge",,,,,,
main,1,Azorius Signet,,,,,,
main,1,Backdraft Hellkite,,,,,,
main,1,Backup Plan,,,,,,
main,1,Bag of Tricks,,,,,,
main,1,Baleful Strix,,,,,,
main,1,Basalt Monolith,,,,,,
main,1,"Basri, Tomorrow's Champion",,,,,,
main,1,Battlefield Forge,,,,,,
main,1,Beast Whisperer,,,,,,
main,1,Beast Within,,,,,,
main,1,Bellowing Tanglewurm,,,,,,
main,1,Belt of Giant Strength,,,,,,
main,1,Bident of Thassa,,,,,,
main,1,Birds of Paradise,,,,,,
main,1,Blackblade Reforged,,,,,,
main,1,Blade of Selves,,,,,,
main,1,Blade of the Oni,,,,,,
main,1,Blade Splicer,,,,,,
main,1,Bladecoil Serpent,,,,,,
main,1,"Bladewing, Deathless Tyrant",,,,,,
main,1,Blasphemous Act,,,,,,
main,1,Blatant Thievery,,,,,,
main,1,Blazing Sunsteel,,,,,,
main,1,Blood Artist,,,,,,
main,1,Bloodbraid Elf,,,,,,
main,1,Bloodsworn Steward,,,,,,
main,1,Bonehoard,,,,,,
main,1,Bonesplitter,,,,,,
main,1,Boneyard Scourge,,,,,,
main,1,"Bonny Pall, Clearcutter",,,,,,
main,1,Bontu the Glorified,,,,,,
main,1,Boros Charm,,,,,,
main,1,Boros Signet,,,,,,
main,1,"Bosh, Iron Golem",,,,,,
main,1,Bow of Nylea,,,,,,
main,1,"Braids, Arisen Nightmare",,,,,,
main,1,Brainstorm,,,,,,
main,1,Brazen Borrower,,,,,,
main,1,"Breya, Etherium Shaper",,,,,,
main,1,"Brokkos, Apex of Forever",,,,,,
main,1,Bronze Guardian,,,,,,
main,1,Broodmate Dragon,,,,,,
main,1,"Bruse Tarl, Boorish Herder",,,,,,
main,1,Bucknard's Everfull Purse,,,,,,
main,1,Burnished Hart,,,,,,
main,1,Cackling Counterpart,,,,,,
main,1,Call the Coppercoats,,,,,,
main,1,Call the Skybreaker,,,,,,
main,1,Canal Dredger,,,,,,
main,1,Canopy Tactician,,,,,,
main,1,Canopy Vista,,,,,,
main,1,Canyon Slough,,,,,,
main,1,Cascade Bluffs,,,,,,
main,1,Cataclysmic Gearhulk,,,,,,
main,1,Caves of Koilos,,,,,,
main,1,Chain Reaction,,,,,,
main,1,Champion of Wits,,,,,,
main,1,"Chandra, Torch of Defiance",,,,,,
main,1,Chaos Dragon,,,,,,
main,1,Chaos Warp,,,,,,
main,1,"Chatterfang, Squirrel General",,,,,,
main,1,Chemister's Insight,,,,,,
main,1,Chitterspitter,,,,,,
main,1,Chromatic Lantern,,,,,,
main,1,Chrome Host Seedshark,,,,,,
main,1,"Chun-Li, Countless Kicks",,,,,,
main,1,Claim Jumper,,,,,,
main,1,Clifftop Retreat,,,,,,
main,1,Cloudgoat Ranger,,,,,,
main,1,Coercive Portal,,,,,,
main,1,Cogwork Assembler,,,,,,
main,1,Cogwork Librarian,,,,,,
main,1,Colossal Skyturtle,,,,,,
main,1,Combat Celebrant,,,,,,
main,1,Combustible Gearhulk,,,,,,
main,1,Come Back Wrong,,,,,,
main,1,Command Tower,,,,,,
main,1,Commander's Sphere,,,,,,
main,1,Concealing Curtains,,,,,,
main,1,Condemn,,,,,,
main,1,Consuming Aberration,,,,,,
main,1,Consuming Vapors,,,,,,
main,1,Copperline Gorge,,,,,,
main,1,Corpse Augur,,,,,,
main,1,Coruscation Mage,,,,,,
main,1,"Cosima, God of the Voyage",,,,,,
main,1,Counterspell,,,,,,
main,1,Courier's Capsule,,,,,,
main,1,Cranial Plating,,,,,,
main,2,Creative Technique,,,,,,
main,1,Crumbling Necropolis,,,,,,
main,1,Crux of Fate,,,,,,
main,1,Culling Ritual,,,,,,
main,1,Cultivator of Blades,,,,,,
main,1,Curiosity Crafter,,,,,,
main,1,Curious Herd,,,,,,
main,1,Curse of Opulence,,,,,,
main,1,Curse of the Swine,,,,,,
main,1,Curse of Unbinding,,,,,,
main,1,Dack Fayden,,,,,,
main,1,Damn,,,,,,
main,1,Dancing Sword,,,,,,
main,1,Danse Macabre,,,,,,
main,1,"Daretti, Scrap Savant",,,,,,
main,1,Darkmoss Bridge,,,,,,
main,1,Darkstar Augur,,,,,,
main,1,Darksteel Juggernaut,,,,,,
main,1,Dauntless Scrapbot,,,,,,
main,1,Dauthi Voidwalker,,,,,,
main,1,Dawnglade Regent,,,,,,
main,1,Daxos of Meletis,,,,,,
main,1,Day of Judgment,,,,,,
main,1,Deadly Tempest,,,,,,
main,1,Deal Broker,,,,,,
main,1,Death Tyrant,,,,,,
main,1,Deathbringer Thoctar,,,,,,
main,1,"Deekah, Fractal Theorist",,,,,,
main,1,Deep Analysis,,,,,,
main,1,Deep Forest Hermit,,,,,,
main,1,"Delina, Wild Mage",,,,,,
main,1,Demon's Disciple,,,,,,
main,1,Demonic Tutor,,,,,,
main,1,Demonlord of Ashmouth,,,,,,
main,1,Desperate Ravings,,,,,,
main,1,Devil's Play,,,,,,
main,1,Dictate of Heliod,,,,,,
main,1,Dimir Signet,,,,,,
main,1,Dino DNA,,,,,,
main,1,Dire Flail,,,,,,
main,1,Disciple of the Vault,,,,,,
main,1,Dismember,,,,,,
main,1,Dispeller's Capsule,,,,,,
main,1,Divine Gambit,,,,,,
main,1,Divine Visitation,,,,,,
main,1,Dockside Extortionist,,,,,,
main,1,Dowsing Dagger,,,,,,
main,1,"Drafna, Founder of Lat-Nam",,,,,,
main,1,Dragon Mage,,,,,,
main,1,Dragon Tempest,,,,,,
main,1,Dragon Throne of Tarkir,,,,,,
main,1,Dragonborn Champion,,,,,,
main,1,Dragonlair Spider,,,,,,
main,1,Dragonlord Ojutai,,,,,,
main,1,Dragonmaster Outcast,,,,,,
main,1,Dragonskull Summit,,,,,,
main,1,"Drana, Kalastria Bloodchief",,,,,,
main,1,"Dromoka, the Eternal",,,,,,
main,1,Drossforge Bridge,,,,,,
main,1,Drowned Catacomb,,,,,,
main,1,Dualcaster Mage,,,,,,
main,1,Duke Ulder Ravengard,,,,,,
main,1,"Dwynen, Gilt-Leaf Daen",,,,,,
main,1,"Edric, Spymaster of Trest",,,,,,
main,1,"Egon, God of Death",,,,,,
main,1,Eight-and-a-Half-Tails,,,,,,
main,1,Elegy Acolyte,,,,,,
main,1,"Elesh Norn, Grand Cenobite",,,,,,
main,1,Elrond of the White Council,,,,,,
main,1,Elspeth Tirel,,,,,,
main,1,"Elspeth, Sun's Champion",,,,,,
main,1,"Elspeth, Sun's Nemesis",,,,,,
main,1,Elusive Tormentor,,,,,,
main,1,Elvish Archdruid,,,,,,
main,1,Elvish Skysweeper,,,,,,
main,1,Embereth Shieldbreaker,,,,,,
main,1,Embodiment of Agonies,,,,,,
main,1,"Emry, Lurker of the Loch",,,,,,
main,1,Enclave Cryptologist,,,,,,
main,1,Entrapment Maneuver,,,,,,
main,1,Entreat the Angels,,,,,,
main,1,Eon Frolicker,,,,,,
main,1,Epochrasite,,,,,,
main,1,"Erebos, Bleak-Hearted",,,,,,
main,1,Erratic Cyclops,,,,,,
main,1,Esika's Chariot,,,,,,
main,1,Essence Warden,,,,,,
main,1,"Etali, Primal Conqueror",,,,,,
main,1,"Etali, Primal Storm",,,,,,
main,1,Etched Champion,,,,,,
main,1,Etherium-Horn Sorcerer,,,,,,
main,1,Ethersworn Adjudicator,,,,,,
main,1,Evangelize,,,,,,
main,1,Everflowing Chalice,,,,,,
main,1,Evolution Charm,,,,,,
main,1,Evolving Wilds,,,,,,
main,1,Executioner's Capsule,,,,,,
main,1,Exotic Orchard,,,,,,
main,1,Expedition Map,,,,,,
main,1,Experimental Synthesizer,,,,,,
main,1,Expressive Iteration,,,,,,
main,1,"Extus, Oriq Overlord",,,,,,
main,1,Ezuri's Predation,,,,,,
main,1,"Ezuri, Renegade Leader",,,,,,
main,1,Fable of the Mirror-Breaker,,,,,,
main,1,Fact or Fiction,,,,,,
main,1,Faithless Looting,,,,,,
main,1,False Prophet,,,,,,
main,1,Farhaven Elf,,,,,,
main,1,Farseek,,,,,,
main,1,Farsight Mask,,,,,,
main,1,Fecund Greenshell,,,,,,
main,1,Feldon of the Third Path,,,,,,
main,1,Fellwar Stone,,,,,,
main,1,Fiendlash,,,,,,
main,1,Filigree Angel,,,,,,
main,1,Firemind Vessel,,,,,,
main,1,"Flubs, the Fool",,,,,,
main,1,Foe-Razer Regent,,,,,,
main,1,Forebear's Blade,,,,,,
main,1,Fractured Identity,,,,,,
main,1,Frontier Bivouac,,,,,,
main,1,Frontier Siege,,,,,,
main,1,Fury,,,,,,
main,1,"Gadrak, the Crown-Scourge",,,,,,
main,1,"Gahiji, Honored One",,,,,,
main,1,Gala Greeters,,,,,,
main,1,Galadhrim Brigade,,,,,,
main,1,Galadriel's Dismissal,,,,,,
main,1,"Galadriel, Light of Valinor",,,,,,
main,1,Galazeth Prismari,,,,,,
main,1,Galecaster Colossus,,,,,,
main,1,Gamble,,,,,,
main,1,Garruk Relentless,,,,,,
main,1,Garruk's Uprising,,,,,,
main,1,Generous Gift,,,,,,
main,1,Generous Patron,,,,,,
main,1,Geode Golem,,,,,,
main,1,Geometric Nexus,,,,,,
main,1,Ghalta and Mavren,,,,,,
main,1,"Ghalta, Primal Hunger",,,,,,
main,1,"Ghave, Guru of Spores",,,,,,
main,1,Ghost-Lit Stalker,,,,,,
main,1,Ghostly Prison,,,,,,
main,1,"Gisa, Glorious Resurrector",,,,,,
main,1,Glare of Subdual,,,,,,
main,1,Glissa Sunslayer,,,,,,
main,1,"Glissa, the Traitor",,,,,,
main,1,Glorious Protector,,,,,,
main,1,Goblin Cratermaker,,,,,,
main,1,Goblin Kaboomist,,,,,,
main,1,Godsend,,,,,,
main,1,Golden Guardian,,,,,,
main,1,Goldmire Bridge,,,,,,
main,1,Golem Artisan,,,,,,
main,1,Golgari Signet,,,,,,
main,1,Grafted Wargear,,,,,,
main,1,Grand Architect,,,,,,
main,1,Grave Endeavor,,,,,,
main,1,Grave Upheaval,,,,,,
main,1,Gray Merchant of Asphodel,,,,,,
main,1,Griselbrand,,,,,,
main,1,Gruul Signet,,,,,,
main,1,Gruul Turf,,,,,,
main,1,Guardian Idol,,,,,,
main,1,Guardian of Faith,,,,,,
main,1,Gyre Sage,,,,,,
main,1,"Hajar, Loyal Bodyguard",,,,,,
main,1,Hammer of Purphoros,,,,,,
main,1,Hangarback Walker,,,,,,
main,1,Harness by Force,,,,,,
main,1,Harrow,,,,,,
main,1,Harvester of Souls,,,,,,
main,1,Haunted Screen,,,,,,
main,1,Haywire Mite,,,,,,
main,1,Head Games,,,,,,
main,1,Hedron Archive,,,,,,
main,1,Heliod's Intervention,,,,,,
main,1,"Heliod, God of the Sun",,,,,,
main,1,Hellish Rebuke,,,,,,
main,1,Hellkite Igniter,,,,,,
main,1,Hellkite Tyrant,,,,,,
main,1,Helvault,,,,,,
main,1,Henrika Domnathi,DBL,,,,,
main,1,"Henzie ""Toolbox"" Torre",,,,,,
main,1,Heraldic Banner,,,,,,
main,1,Hinterland Harbor,,,,,,
main,1,Hoard-Smelter Dragon,,,,,,
main,1,Hold the Perimeter,,,,,,
main,1,Homicide Investigator,,,,,,
main,1,Hostage Taker,,,,,,
main,1,Hunted Nightmare,,,,,,
main,1,Hymn of the Wilds,,,,,,
main,1,Icefall Regent,,,,,,
main,1,Ignite the Future,,,,,,
main,1,"Ikra Shidiqi, the Usurper",,,,,,
main,1,Immovable Rod,,,,,,
main,1,Imperious Perfect,,,,,,
main,1,Impulse,,,,,,
main,1,Incinerate,,,,,,
main,1,Increasing Devotion,,,,,,
main,1,Increasing Vengeance,,,,,,
main,1,Incubation Druid,,,,,,
main,1,Indomitable Archangel,,,,,,
main,1,Infernal Offering,,,,,,
main,1,Inferno of the Star Mounts,,,,,,
main,1,Inferno Titan,,,,,,
main,1,Ingenious Mastery,,,,,,
main,1,Inkshield,,,,,,
main,1,Inkwell Leviathan,,,,,,
main,1,Inscription of Insight,,,,,,
main,1,Insidious Will,,,,,,
main,1,Irrigated Farmland,,,,,,
main,1,Isolated Chapel,,,,,,
main,1,"Izoni, Center of the Web",,,,,,
main,1,Izzet Boilerworks,,,,,,
main,1,Izzet Signet,,,,,,
main,1,"Jace, Vryn's Prodigy",,,,,,
main,1,Jade Mage,,,,,,
main,1,"Jaheira, Friend of the Forest",,,,,,
main,1,"Jan Jansen, Chaos Crafter",,,,,,
main,1,Jeska's Will,,,,,,
main,1,"Jin-Gitaxias, Core Augur",,,,,,
main,1,"Jin-Gitaxias, Progress Tyrant",,,,,,
main,1,"Jor Kadeen, the Prevailer",,,,,,
main,1,Joraga Treespeaker,,,,,,
main,1,Joraga Warcaller,,,,,,
main,1,Jungle Shrine,,,,,,
main,1,"Kairi, the Swirling Sky",,,,,,
main,1,"Kalamax, the Stormsire",,,,,,
main,1,Kalemne's Captain,,,,,,
main,1,Kamahl's Will,,,,,,
main,1,"Karazikar, the Eye Tyrant",,,,,,
main,1,"Karn, Silver Golem",,,,,,
main,1,"Kazuul, Tyrant of the Cliffs",,,,,,
main,1,Keeper of Progenitus,,,,,,
main,1,Keeper of the Accord,,,,,,
main,1,Kefnet the Mindful,,,,,,
main,1,"Ken, Burning Brawler",,,,,,
main,1,"Kess, Dissident Mage",,,,,,
main,1,"Kiki-Jiki, Mirror Breaker",,,,,,
main,1,Kindred Charge,,,,,,
main,1,"Kitt Kanto, Mayhem Diva",,,,,,
main,1,"Klothys, God of Destiny",,,,,,
main,1,Knight of Autumn,,,,,,
main,1,Knight of the White Orchid,,,,,,
main,1,Knight-Captain of Eos,,,,,,
main,1,Kodama's Reach,,,,,,
main,1,Korozda Guildmage,,,,,,
main,1,"Kothophed, Soul Hoarder",,,,,,
main,1,Kozilek's Unsealing,,,,,,
main,1,"Krark, the Thumbless",,,,,,
main,1,Krosan Verge,,,,,,
main,1,"Kroxa, Titan of Death's Hunger",,,,,,
main,1,"Kurkesh, Onakke Ancient",,,,,,
main,1,Kutzil's Flanker,,,,,,
main,1,Kynaios and Tiro of Meletis,,,,,,
main,1,"Kyodai, Soul of Kamigawa",,,,,,
main,1,"Kytheon, Hero of Akros",,,,,,
main,1,"Lathril, Blade of the Elves",,,,,,
main,1,Lavabrink Floodgates,,,,,,
main,1,Leadership Vacuum,,,,,,
main,1,Leech Gauntlet,,,,,,
main,1,Legolas Greenleaf,,,,,,
main,1,"Lena, Selfless Champion",,,,,,
main,1,Lethal Scheme,,,,,,
main,1,Leyline Tyrant,,,,,,
main,1,"Liberator, Urza's Battlethopter",,,,,,
main,1,"Licia, Sanguine Tribune",,,,,,
main,1,Lifecrafter's Bestiary,,,,,,
main,1,Lightning Bolt,,,,,,
main,1,Lingering Souls,,,,,,
main,1,Lion Sash,,,,,,
main,1,Living Death,,,,,,
main,1,Lizard Blades,,,,,,
main,2,Llanowar Wastes,,,,,,
main,1,Lodestone Golem,,,,,,
main,1,"Lorcan, Warlock Collector",,,,,,
main,1,Lore Seeker,,,,,,
main,1,Lorehold Command,,,,,,
main,1,"Losheel, Clockwork Scholar",,,,,,
main,1,Lothlorien Blade,,,,,,
main,1,Loxodon Warhammer,,,,,,
main,1,Lumbering Falls,,,,,,
main,1,Luminous Broodmoth,,,,,,
main,1,Lys Alana Huntmaster,,,,,,
main,1,Maelstrom Wanderer,,,,,,
main,1,Magmatic Channeler,,,,,,
main,1,Magus of the Wheel,,,,,,
main,1,Malakir Rebirth,,,,,,
main,1,"Malcator, Purity Overseer",,,,,,
main,1,Mana Leak,,,,,,
main,1,Mandate of Peace,,,,,,
main,1,Manifold Insights,,,,,,
main,1,Manifold Key,,,,,,
main,1,March of the Multitudes,,,,,,
main,1,Mardu Monument,,,,,,
main,1,Martial Coup,,,,,,
main,1,"Marvin, Murderous Mimic",,,,,,
main,1,Mask of Griselbrand,,,,,,
main,1,Master of Etherium,,,,,,
main,1,Master Transmuter,,,,,,
main,1,Maul of the Skyclaves,,,,,,
main,1,Memnarch,,,,,,
main,1,"Mendicant Core, Guidelight",DFT,,,,,
main,1,Merciless Eviction,,,,,,
main,1,"Miara, Thorn of the Glade",,,,,,
main,1,Midnight Pathlighter,,,,,,
main,1,Midnight Reaper,,,,,,
main,1,Migratory Route,,,,,,
main,1,"Mikaeus, the Lunarch",,,,,,
main,1,Mind Shatter,,,,,,
main,1,Mind Stone,,,,,,
main,1,Mind's Dilation,,,,,,
main,1,Mind's Eye,,,,,,
main,1,"Minn, Wily Illusionist",,,,,,
main,1,"Minthara, Merciless Soul",,,,,,
main,1,Mirkwood Elk,,,,,,
main,1,Mirror Entity,,,,,,
main,1,Misery's Shadow,,,,,,
main,1,Mishra's Self-Replicator,,,,,,
main,1,Mission Briefing,,,,,,
main,1,Mists of Lorien,,,,,,
main,1,Mistvault Bridge,,,,,,
main,1,Mitotic Slime,,,,,,
main,1,Moltensteel Dragon,,,,,,
main,1,Monastery Mentor,,,,,,
main,1,Moonsilver Key,,,,,,
main,1,Moonveil Regent,,,,,,
main,1,Morbid Opportunist,,,,,,
main,1,Mother of Runes,,,,,,
main,1,"Multani, Yavimaya's Avatar",,,,,,
main,1,Murmuring Mystic,,,,,,
main,1,Muse Vessel,,,,,,
main,1,"Muzzio, Visionary Architect",,,,,,
main,1,Myr Battlesphere,,,,,,
main,1,Myr Retriever,,,,,,
main,1,Myriad Construct,,,,,,
main,1,Myriad Landscape,,,,,,
main,1,Myrsmith,,,,,,
main,1,Mystic Barrier,,,,,,
main,1,Mystic Confluence,,,,,,
main,1,Mystic Monastery,,,,,,
main,1,Mystic Reflection,,,,,,
main,1,Mystical Tutor,,,,,,
main,1,"Nadaar, Selfless Paladin",,,,,,
main,1,Nadir Kraken,,,,,,
main,1,"Nadu, Winged Wisdom",,,,,,
main,1,"Narset, Enlightened Master",,,,,,
main,1,"Naru Meha, Master Wizard",,,,,,
main,1,Nath of the Gilt-Leaf,,,,,,
main,1,Needle Spires,,,,,,
main,1,"Neheb, Dreadhorde Champion",,,,,,
main,1,"Nemata, Grove Guardian",,,,,,
main,1,"Nethroi, Apex of Death",,,,,,
main,1,Nevinyrral's Disk,,,,,,
main,1,"Nicol Bolas, God-Pharaoh",,,,,,
main,1,"Nicol Bolas, the Ravager",,,,,,
main,1,Night's Whisper,,,,,,
main,1,Nighthowler,,,,,,
main,1,Nim Deathmantle,,,,,,
main,1,Nomad Outpost,,,,,,
main,1,Noxious Gearhulk,,,,,,
main,1,Nullmage Shepherd,,,,,,
main,1,"Nylea, God of the Hunt",,,,,,
main,1,"O-Kagachi, Vengeful Kami",,,,,,
main,1,"Odric, Master Tactician",,,,,,
main,1,Ogre Slumlord,,,,,,
main,1,Ogre-Head Helm,,,,,,
main,1,Oketra's Monument,,,,,,
main,1,Opportunistic Dragon,,,,,,
main,1,Opulent Palace,,,,,,
main,1,Oracle's Vault,,,,,,
main,1,Oreskos Explorer,,,,,,
main,1,Ornate Kanzashi,,,,,,
main,1,Orzhov Signet,,,,,,
main,1,Overprotect,,,,,,
main,1,Oversold Cemetery,,,,,,
main,1,Overwhelming Stampede,,,,,,
main,1,"Oviya Pashiri, Sage Lifecrafter",,,,,,
main,1,Pact Weapon,,,,,,
main,1,Painful Truths,,,,,,
main,1,"Paliano, the High City",,,,,,
main,1,Palladium Myr,,,,,,
main,1,Paradox Engine,,,,,,
main,1,Patchwork Banner,,,,,,
main,1,Path of Ancestry,,,,,,
main,1,Path to Exile,,,,,,
main,1,Patriarch's Bidding,,,,,,
main,1,"Phabine, Boss's Confidant",,,,,,
main,1,Phyrexian Dragon Engine,,,,,,
main,1,Phyrexian Metamorph,,,,,,
main,1,Phyrexian Reclamation,,,,,,
main,1,Phyrexian Revoker,,,,,,
main,1,Pia Nalaar,,,,,,
main,1,Piper of the Swarm,,,,,,
main,1,Pitiless Plunderer,,,,,,
main,1,Plaguecrafter,,,,,,
main,1,Poison-Tip Archer,,,,,,
main,1,Pollywog Prodigy,,,,,,
main,1,Ponder,,,,,,
main,1,Pongify,,,,,,
main,1,Portal Mage,,,,,,
main,1,Power Play,,,,,,
main,1,Prairie Stream,,,,,,
main,1,Preacher of the Schism,,,,,,
main,1,Priest of Titania,,,,,,
main,1,Primal Command,,,,,,
main,1,Primordial Sage,,,,,,
main,1,Prismari Command,,,,,,
main,1,Propaganda,,,,,,
main,1,Prophet of Kruphix,,,,,,
main,1,Prosperous Partnership,,,,,,
main,1,Psychosis Crawler,,,,,,
main,1,"Purphoros, Bronze-Blooded",,,,,,
main,1,Quasiduplicate,,,,,,
main,1,Quirion Ranger,,,,,,
main,1,Radiant Solar,,,,,,
main,1,Rakdos Charm,,,,,,
main,1,Rakdos Pit Dragon,,,,,,
main,1,Rakdos Signet,,,,,,
main,1,Rally the Galadhrim,,,,,,
main,1,Rampant Growth,,,,,,
main,1,"Ravos, Soultender",,,,,,
main,1,"Rayami, First of the Fallen",,,,,,
main,1,Razortide Bridge,,,,,,
main,1,Realmwalker,,,,,,
main,1,Reassembling Skeleton,,,,,,
main,1,Reclamation Sage,,,,,,
main,1,Reef Worm,,,,,,
main,1,Regal Bunnicorn,,,,,,
main,1,Relic of Sauron,,,,,,
main,1,Reservoir Kraken,,,,,,
main,1,Response / Resurgence,RVR,,,,,
main,1,Return to Dust,,,,,,
main,1,Rhys the Exiled,,,,,,
main,1,"Ria Ivor, Bane of Bladehold",,,,,,
main,1,"Rielle, the Everwise",,,,,,
main,1,"Rionya, Fire Dancer",,,,,,
main,1,Rise from the Tides,,,,,,
main,1,Roaming Throne,,,,,,
main,1,Robe of Stars,,,,,,
main,1,"Rofellos, Llanowar Emissary",,,,,,
main,1,Rootcast Apprenticeship,,,,,,
main,1,Rubinia Soulsinger,,,,,,
main,1,Ruin Grinder,,,,,,
main,1,Runechanter's Pike,,,,,,
main,1,Rust Harvester,,,,,,
main,1,Rustvale Bridge,,,,,,
main,1,Ruthless Knave,,,,,,
main,1,Ruthless Winnower,,,,,,
main,1,"Ryu, World Warrior",,,,,,
main,1,Sakura-Tribe Elder,,,,,,
main,1,Sanctuary Blade,,,,,,
main,1,Sanctum Gargoyle,,,,,,
main,1,Sandsteppe Citadel,,,,,,
main,1,Sarkhan the Masterless,,,,,,
main,1,"Sarkhan, the Dragonspeaker",,,,,,
main,1,Savage Lands,,,,,,
main,1,Scalelord Reckoner,,,,,,
main,1,Scattered Groves,,,,,,
main,1,Scepter of Dominance,,,,,,
main,1,Scion of the Ur-Dragon,,,,,,
main,1,Scourge of the Throne,,,,,,
main,1,Scourge of Valkas,,,,,,
main,1,Scourglass,,,,,,
main,1,Screaming Nemesis,,,,,,
main,1,Scroll of the Masters,,,,,,
main,1,Scute Swarm,,,,,,
main,1,Seaside Citadel,,,,,,
main,1,Sedgemoor Witch,,,,,,
main,1,Seedborn Muse,,,,,,
main,1,Selesnya Guildmage,,,,,,
main,1,Selesnya Signet,,,,,,
main,1,Selfless Squire,,,,,,
main,1,"Selvala, Explorer Returned",,,,,,
main,1,"Sengir, the Dark Baron",,,,,,
main,1,Sentinel Dispatch,,,,,,
main,1,"Senu, Keen-Eyed Protector",,,,,,
main,1,Shadow Puppeteers,,,,,,
main,1,Shadowmage Infiltrator,,,,,,
main,1,Shamanic Revelation,,,,,,
main,1,Shape Anew,,,,,,
main,1,Sharding Sphinx,,,,,,
main,1,Sharuum the Hegemon,,,,,,
main,1,Shattergang Brothers,,,,,,
main,1,"Sheoldred, Whispering One",,,,,,
main,1,"Shigeki, Jukai Visionary",,,,,,
main,1,Shrine of Loyal Legions,,,,,,
main,1,Siege Behemoth,,,,,,
main,1,"Sigrid, God-Favored",,,,,,
main,1,Silent Arbiter,,,,,,
main,1,Silent-Blade Oni,,,,,,
main,1,"Silumgar, the Drifting Death",,,,,,
main,1,Silverbluff Bridge,,,,,,
main,1,Simic Charm,,,,,,
main,1,Simic Growth Chamber,,,,,,
main,1,Simic Signet,,,,,,
main,1,"Sisay, Weatherlight Captain",,,,,,
main,1,Skemfar Avenger,,,,,,
main,1,Skemfar Shadowsage,,,,,,
main,1,Skirsdag High Priest,,,,,,
main,1,Skrelv's Hive,,,,,,
main,1,"Skrelv, Defector Mite",,,,,,
main,1,Slagwoods Bridge,,,,,,
main,1,Slip Out the Back,,,,,,
main,1,Sludge Monster,,,,,,
main,1,Smoldering Egg,,,,,,
main,1,Smoldering Marsh,,,,,,
main,1,Sneak Attack,,,,,,
main,1,Sol Ring,,,,,,
main,1,Solemn Simulacrum,,,,,,
main,1,Somberwald Beastmaster,,,,,,
main,1,Soul Foundry,,,,,,
main,1,Soul Shatter,,,,,,
main,1,Soul Snare,,,,,,
main,1,Soul Warden,,,,,,
main,1,Soulfire Grand Master,,,,,,
main,1,Sovereign's Realm,,,,,,
main,1,Sower of Temptation,,,,,,
main,1,Spear of Heliod,,,,,,
main,1,Sphinx of the Steel Wind,,,,,,
main,1,Sphinx Summoner,,,,,,
main,1,Sphinx-Bone Wand,,,,,,
main,1,Springbloom Druid,,,,,,
main,1,Sprout Swarm,,,,,,
main,1,Sprouting Vines,,,,,,
main,1,Steel Hellkite,,,,,,
main,1,Steel Overseer,,,,,,
main,1,Steel Seraph,,,,,,
main,1,Stingerback Terror,,,,,,
main,1,Stitcher Geralf,,,,,,
main,1,Stolen Goods,,,,,,
main,1,Stolen Identity,,,,,,
main,1,Stonecoil Serpent,,,,,,
main,1,Stoneforge Masterwork,,,,,,
main,1,Stoneforge Mystic,,,,,,
main,1,Strix Serenade,,,,,,
main,1,Sudden Spoiling,,,,,,
main,1,Sun Titan,,,,,,
main,1,Sunforger,,,,,,
main,1,Sunken Hollow,,,,,,
main,1,Sunscorch Regent,,,,,,
main,1,Supreme Verdict,,,,,,
main,1,Surge to Victory,,,,,,
main,1,Swiftfoot Boots,,,,,,
main,1,Sword of the Animist,,,,,,
main,1,Swords to Plowshares,,,,,,
main,1,Sylvan Offering,,,,,,
main,1,Sylvan Primordial,,,,,,
main,1,Synthetic Destiny,,,,,,
main,1,"Syr Konrad, the Grim",,,,,,
main,1,Tale's End,,,,,,
main,1,Talisman of Conviction,,,,,,
main,1,Talisman of Creativity,,,,,,
main,1,Talisman of Curiosity,,,,,,
main,1,Talisman of Hierarchy,,,,,,
main,1,Talisman of Indulgence,,,,,,
main,1,Talisman of Resilience,,,,,,
main,1,Talisman of Unity,,,,,,
main,1,"Talrand, Sky Summoner",,,,,,
main,1,"Tameshi, Reality Architect",,,,,,
main,1,Tanglepool Bridge,,,,,,
main,1,"Tasigur, the Golden Fang",,,,,,
main,1,"Tatsumasa, the Dragon's Fang",,,,,,
main,1,"Teferi, Temporal Pilgrim",,,,,,
main,1,Tempered Steel,,,,,,
main,1,Temple of Abandon,,,,,,
main,1,Temple of Deceit,,,,,,
main,1,Temple of Enlightenment,,,,,,
main,1,Temple of Epiphany,,,,,,
main,1,Temple of Malady,,,,,,
main,1,Temple of Silence,,,,,,
main,1,Temur Monument,,,,,,
main,1,Tendershoot Dryad,,,,,,
main,1,Terastodon,,,,,,
main,1,"Tergrid, God of Fright",,,,,,
main,1,Terramorphic Expanse,,,,,,
main,1,Territorial Hellkite,,,,,,
main,1,Teysa Karlov,,,,,,
main,1,Thaumatic Compass,,,,,,
main,1,The Balrog of Moria,,,,,,
main,1,The Dominion Bracelet,,,,,,
main,1,The Locust God,,,,,,
main,1,The Mimeoplasm,,,,,,
main,1,The Reality Chip,,,,,,
main,1,The Reaver Cleaver,,,,,,
main,1,The Restoration of Eiganjo,,,,,,
main,1,The World Tree,,,,,,
main,1,Theoretical Duplication,,,,,,
main,1,Thirst for Knowledge,,,,,,
main,1,Thopter Assembly,,,,,,
main,1,Thopter Engineer,,,,,,
main,1,Thornglint Bridge,,,,,,
main,1,Thought Vessel,,,,,,
main,1,Thran Temporal Gateway,,,,,,
main,1,"Thrasios, Triton Hero",,,,,,
main,1,Thrill of Possibility,,,,,,
main,1,Thrill-Kill Disciple,,,,,,
main,1,Thunderfoot Baloth,,,,,,
main,1,Thundermaw Hellkite,,,,,,
main,1,Thundertrap Trainer,,,,,,
main,1,Timberwatch Elf,,,,,,
main,1,Timeless Dragon,,,,,,
main,1,Timestream Navigator,,,,,,
main,1,"Tinybones, the Pickpocket",,,,,,
main,1,Tishana's Tidebinder,,,,,,
main,1,Tithing Blade,,,,,,
main,1,"Tocasia, Dig Site Mentor",,,,,,
main,1,Tolsimir Wolfblood,,,,,,
main,1,"Too Greedily, Too Deep",,,,,,
main,1,"Toralf, God of Fury",,,,,,
main,1,Tough Cookie,,,,,,
main,1,Tragic Slip,,,,,,
main,1,Transmogrifying Wand,,,,,,
main,1,"Traxos, Scourge of Kroog",,,,,,
main,1,Trouble in Pairs,,,,,,
main,1,Trygon Predator,,,,,,
main,1,Tymna the Weaver,,,,,,
main,1,Tyvar Kell,,,,,,
main,1,"Unctus, Grand Metatect",,,,,,
main,1,Undercity Informer,,,,,,
main,1,Unstable Obelisk,,,,,,
main,1,Up the Beanstalk,,,,,,
main,1,Urabrask the Hidden,,,,,,
main,1,Urabrask's Forge,,,,,,
main,1,Urza's Sylex,,,,,,
main,1,"Urza, Chief Artificer",,,,,,
main,1,Utvara Hellkite,,,,,,
main,1,Vampire of the Dire Moon,,,,,,
main,1,Vanquisher's Banner,,,,,,
main,1,"Varis, Silverymoon Ranger",,,,,,
main,1,Vengeful Ancestor,,,,,,
main,1,Venser's Journal,,,,,,
main,1,"Venser, Shaper Savant",,,,,,
main,1,Verdurous Gearhulk,,,,,,
main,1,Verge Rangers,,,,,,
main,1,Vial Smasher the Fierce,,,,,,
main,1,Vines of Vastwood,,,,,,
main,1,Virtus's Maneuver,,,,,,
main,1,Virus Beetle,,,,,,
main,1,"Vish Kal, Blood Arbiter",,,,,,
main,1,"Vishgraz, the Doomhive",,,,,,
main,1,Vizier of Many Faces,,,,,,
main,1,Vizkopa Guildmage,,,,,,
main,1,Vodalian Mindsinger,,,,,,
main,1,Voice of Resurgence,,,,,,
main,1,Voidmage Prodigy,,,,,,
main,1,Vorpal Sword,,,,,,
main,1,"Vren, the Relentless",,,,,,
main,1,Wand of Orcus,,,,,,
main,1,Warstorm Surge,,,,,,
main,1,Wear Down,,,,,,
main,1,Weathered Wayfarer,,,,,,
main,1,Wellwisher,,,,,,
main,1,Whirler Rogue,,,,,,
main,1,Whispers of the Muse,,,,,,
main,1,Wildborn Preserver,,,,,,
main,1,Windfall,,,,,,
main,1,Winged Boots,,,,,,
main,1,Wirewood Channeler,,,,,,
main,1,Wirewood Symbiote,,,,,,
main,1,Wishclaw Talisman,,,,,,
main,1,Woe Strider,,,,,,
main,1,Wood Elves,,,,,,
main,1,Word of Seizing,,,,,,
main,1,Worn Powerstone,,,,,,
main,1,Wreck and Rebuild,,,,,,
main,1,Wulfgar of Icewind Dale,,,,,,
main,1,Wurmcoil Larva,,,,,,
main,1,"Xanathar, Guild Kingpin",,,,,,
main,1,"Yasharn, Implacable Earth",,,,,,
main,1,Yasova Dragonclaw,,,,,,
main,1,"Yawgmoth, Thran Physician",,,,,,
main,1,"Yes Man, Personal Securitron",,,,,,
main,1,"Yeva, Nature's Herald",,,,,,
main,1,Young Pyromancer,,,,,,
main,1,"Yuriko, the Tiger's Shadow",,,,,,
main,1,"Zetalpa, Primal Dawn",,,,,,
main,1,"Zinnia, Valley's Voice",,,,,,
main,1,Zirilan of the Claw,,,,,,
main,1,Zulaport Cutthroat,,,,,,
